instruction,output
BTS의 대표 인사말은 무엇인가요? ,"방! 탄! 안녕하세요, 방탄소년단입니다"
BTS는 누구인가요?,2013년 6월 13일에 데뷔한 빅히트 뮤직 소속의 7인조 대한민국 국적 보이그룹입니다.
BTS의 멤버 이름은 무엇인가요?,"김남준, 김석진, 민윤기, 정호석, 박지민, 김태형, 전정국입니다."
BTS의 데뷔 앨범은 무엇인가요?,2 COOL 4 SKOOL
BTS가 수상한 첫번째 국제적인 상은 무엇인가요? ,2017년 BBMA 'Top Social Artist'상 입니다.
BTS의 첫번째 빌보드 HOT100 1위 기록은 무엇입니까?,2020년 9월 'Dynamite'로 한국 가수 최초로 빌보드 핫 100 1위를 달성했습니다.
방탄소년단 이름의 의미는 무엇인가요?,"방탄은 '총알을 막아낸다'라는 뜻이 있다. ""10대들이 살아가면서 겪는 힘든 일, 편견과 억압을 우리가 막아내겠다는 심오한 뜻을 담아냈다""고 밝혔다. "
BTS 음악의 컨셉은 무엇입니까?,"전반적으로 10대와 20대 청춘들의 생각과 고민, 삶과 사랑, 꿈과 역경을 주요 주제로 하는 노래들을 통해 자신들만의 세계관을 구축하고 있으며, 연계되는 이야기를 다양한 뮤직비디오들을 통해 유기적으로 풀어 나가는 모습을 보여준다."
BTS의 응원도구는 무엇인가요?,아미밤 입니다.
석진의 좌우명은 무엇인가요?,행복하게 살자
태형이의 좌우명은 무엇입니까?,건강하고 행복하게 살자
호석이의 좌우명은 무엇인가요?,흐르는 강물처럼 살자
정국이의 좌우명은 무엇입니까?,열정없이 사느니 차라라 죽는게 낫다
해외팬들이 BTS를 좋아하는 이유는 무엇인가요?,"BTS는 퍼포먼스가 최고고, 음악 등 모든 것이 완벽하다"
bts 의 팬 클럽 이름은 무엇입니까?,아미 입니다.
BTS 아미는 무엇입니까?,"아미(영어: ARMY)는 대한민국의 보이 그룹 방탄소년단의 공식 팬덤이다. 이름은 영어로 군대를 의미하는 'Army'에서 유래하였고, '군대와 방탄복처럼 방탄소년단과 팬이 항상 같이 있는다'를 뜻한다. 2014년 7월 9일 팬미팅 이후 정식으로 만들어졌다."
bts 아미 가입 방법은 무엇입니까?,ARMY MEMBERSHIP(이하 멤버십)은 상시 가입 가능합니다. 위버스 계정(Weverse Account) 회원에 한하여 1개의 ID 당 1개의 멤버십 가입이 가능합니다.
bts 의 대표곡은 무엇인가요?,한국 가수 처음으로 미국 빌보드 메인 싱글차트 '핫100' 1위를 차지한 '다이너마이트'가 가장 많이 거론된다.
BTS의 추천할만한 10개 음악은 무엇이 있을까요?,"다이너마이트, 봄날, 마이크 드롭(Mic Drop) , 아이 니드 유(I Need U), 불타오르네(FIRE), 피 땀 눈물, 피 땀 눈물, 아이돌(IDOL) , 버터(Butter), DNA"
BTS가 유명한 이유는 무엇인가요?,"BTS의 성공 비결은 무엇일까. 수많은 요인들이 한 데 어우러진 결과이긴 하지만, 크게 보면 세 가지로 요약할 수 있다. 세계인을 겨냥한 글로벌(Global) 전략과 최적의 트레이닝(Training) 시스템, 소셜미디어(Social media)를 통한 강력한 팬덤 형성이 그것이다"
최근 BTS의 가장 유명한 노래는 무엇인가요?,그룹 방탄소년단(BTS) 정국의 솔로 히트곡 '세븐'(Seven)이 미국을 제외한 전 세계 200여개국에서 가장 인기 있는 노래로 선정됐다
BTS의 빌보드 HOT100 1위 곡 목록은 무엇인가요?," '다이너마이트'(Dynamite), '새비지 러브'(Savage Love)의 리믹스 버전, '라이프 고스 온'(Life Goes On), '버터'(Butter), '퍼미션 투 댄스'(Permission to Dance), '마이 유니버스'(My Universe) "
BTS 정국이 부른 카타르 월드컵 공식 주제가는 무엇입니까?,"드리머스, 2022년 11월 20일 발매된 정국이 참여한 2022 FIFA 월드컵 카타르의 주제가이다."
방탄소년단의 멤버 수는 모두 몇 명인가?,대한민국 출신의 7명의 멤버로 구성된 방탄소년단은 공식적으로 2013년 세계 무대에 첫 발을 내디뎠습니다.
방탄소년단(BTS)이 백악관에 방문한 이유는 무엇인가요?,BTS는 미국 '아시아·하와이 원주민·태평양 제도 주민(AANHPI) 유산의 달' 마지막 날인 이날 조 바이든 미국 대통령과 만나 반(反) 아시안 증오범죄 대응 방안에 대해 의견을 나눴다.
BTS가 해체 위기를 극복한 방법은 무엇인가요?,"방탄소년단은 팀이 내부적으로 흔들리던 상황에서도 음악의 끈을 놓지 않았고, 계속해서 새 앨범을 작업하며 음악적 성장을 이뤄냈다. 그 과정에서 음악에 대한 애정이 점차 커졌고 자연히 팬들에게, 또 서로에게 위로받으며 한층 더 단단해졌다. "
BTS가 외신기자로 부터 K-’ 수식어가 지겹나 라는 질문에 한 답은 무엇입니까?,"RM은 “스포티파이가 우리 모두를 K팝이라고 부르는 것에 질릴 수도 있지만, 그건 프리미엄 라벨”이라며 “우리 조상들이 싸워 쟁취하려고 노력했던 품질보증과 같은 것”이라고 답변했다. "
방탄소년단을 특별한 존재로 만든 것은 무엇인가?,많은 팬들을 만나는 게 BTS를 특별한 존재로 만든 게 아닌가 하고 생각한다.
BTS의 긍정적인 에너지의 근원은 무엇인가?,"음악 하고 무대 서고 싶은 일곱 사람이 모였다. 우리, 힘들었던 기간이 길었다. 그 기간동안 마음 다잡고 시작하고 실패했다. 그런 모습 보며 사람들은 용기를 얻었다. 저희에 관해 자랑스러워했다. 그런 분들에게 어떻게 보답할까 생각했고, 긍정적으로 풀어내어 영향력을 펼치고 싶어졌다."
방탄소년단에게 힙합이란 무엇인가?,"우리는 힙합을 좋아하고 사랑하고 아낀다. 어릴 적부터 들었고, 보컬 친구들도 했었던 장르다. 아끼고 사랑하는 장르라고 할 수 있다."
BTS의 특징은 무엇입니까,"그들의 특징은 팝, 알앤비, 힙합을 아우르는 음악 스타일과 정교하고 절도 있는 안무입니다."
BTS 와 보라색의 관계는 무엇입니까?,보라색은 방탄소년단과 팬클럽 '아미(Army)'를 상징하는 색깔입니다.
BTS 가  UN 연설을 한 이유는 무엇인가요?,유엔아동기금(유니세프)의 청년 어젠다 '제너레이션 언리미티드' 발표 행사에서 이뤄진 이 연설은 '나 자신을 사랑하라'는 메시지를 담고 있어 전세계 청소년과 청년들에게 더 많은 교육의 기회를 주자는 프로그램 취지에도 꼭 들어맞는다.
방탄소년단의 영문명은 무엇인가요?,BTS는 '방탄소년단( Bang Tan Sonyeondan)'의 영문 약자입니다. 외국인들에게 더 익숙한 표현으로 만들기 위해 BTS의 소속사인 하이브는 BTS를 '비욘드 더 씬( Beyond The Scene)'의 약자라고 설명하고 있습니다.
방탄소년단은 누구인가요?,"2013년 6월 13일에 데뷔한 빅히트 뮤직 소속 대한민국 7인조 보이 그룹이다이며, 팬 클럽 이름은 아미입니다."
방탄소년단 이름의 의미는 무엇인가요?,"방탄복이 총알을 막아내는 것처럼, 살아가는 동안 힘든 일을 겪는 10대, 20대가 겪는 힘든 일과 편견을 막아내고 자신들의 음악적 가치를 당당히 지켜내겠다는 의미를 담고 있습니다. "
방탄소년단을 지칭하는 'BTS'는 무엇을 의미합니까?,"본래 이름인 'BangTan Sonyeundan' 혹은 'Bulletproof Boys'의 준말입니다. 2017년 빅히트 뮤직은 방탄소년단의 공식 로고를 교체하면서 과거와 미래를 아우르는 개념으로 의미를 확장시키고, 'Beyond The Scene'의 준말로 의미를 추가했습니다."
방탄소년단이 신인상을 수상한 앨범은 무엇입니까?,"2013년 방탄소년단은 《2 COOL 4 SKOOL》을 발매하며 데뷔했고, 그 해 신인상을 수상했습니다."
대한민국 역대 최다 음반 판매량을 기록한 음악 그룹은 누구입니까?,"현재까지 방탄소년단은 전세계에서 3,000만 장 가량의 음반을 판매했고, 대한민국 역대 최다 음반 판매량을 기록한 음악 그룹입니다."
BTS의 국내 수상 경력은 무엇인가요?,"방탄소년단은 32개의 엠넷 아시안 뮤직 어워드, 29개의 멜론 뮤직 어워드, 24개의 골든 디스크, 가온 차트 뮤직 어워드, 14개의 하이원 서울가요대상, 14개의 한국대중음악상, 2개의 대한민국 대중문화예술상 등을 수상하였습니다."
방탄소년단의 팬덤 이름은 무엇인가요?,"아미(영어: ARMY)는 대한민국의 보이 그룹 방탄소년단의 공식 팬덤이다. 이름은 영어로 군대를 의미하는 'Army'에서 유래하였고, '군대와 방탄복처럼 방탄소년단과 팬이 항상 같이 있는다'를 뜻한다."
아미 창단일은 언제인가요?,7월 9일은 방탄소년단의 팬덤 '아미' 창단 기념일입니다.
BTS의 메시지는 무엇인가요?,"세상의 불평등과 폭력을 용인하지 말고, 자신을 사랑하고, 더 나은 세상을 위해 함께하자는 것이 BTS의 메시지입니다."
